name,region,altitude,page_link,route_links
Ben Vane,Loch Lomond,915,https://www.walkhighlands.co.uk/munros/ben-vane,['https://www.walkhighlands.co.uk//lochlomond/ben-vane.shtml']
Tom na Gruagaich (Beinn Alligin),Torridon,922,https://www.walkhighlands.co.uk/munros/tom-na-gruagaich-beinn-alligin,['https://www.walkhighlands.co.uk//torridon/Beinnalligin.shtml']
Beinn a' Chlachair,Fort William,1087,https://www.walkhighlands.co.uk/munros/beinn-a-chlachair,['https://www.walkhighlands.co.uk//fortwilliam/beinn-a-chlachair.shtml']
Binnein Mòr,Fort William,1130,https://www.walkhighlands.co.uk/munros/binnein-mor,['https://www.walkhighlands.co.uk//fortwilliam/binneinmor.shtml']
An Socach (Affric),Loch Ness,921,https://www.walkhighlands.co.uk/munros/an-socach-affric,['https://www.walkhighlands.co.uk//lochness/Ceathreamhnan.shtml']
Inaccessible Pinnacle,Isle of Skye,986,https://www.walkhighlands.co.uk/munros/inaccessible-pinnacle,['https://www.walkhighlands.co.uk//skye/innpinn.shtml']
Meall Ghaordaidh,Perthshire,1039,https://www.walkhighlands.co.uk/munros/meall-ghaordaidh,['https://www.walkhighlands.co.uk//perthshire/meall-ghaordaidh.shtml']
Sgùrr nan Ceathreamhnan,Loch Ness,1151,https://www.walkhighlands.co.uk/munros/sgurr-nan-ceathreamhnan,['https://www.walkhighlands.co.uk//lochness/Ceathreamhnan.shtml']
Seana Bhràigh,Ullapool,926,https://www.walkhighlands.co.uk/munros/seana-bhraigh,['https://www.walkhighlands.co.uk//ullapool/seana-bhraigh.shtml']
Beinn Heasgarnich,Perthshire,1078,https://www.walkhighlands.co.uk/munros/beinn-heasgarnich,['https://www.walkhighlands.co.uk//perthshire/beinn-heasgarnich.shtml']
Binnein Beag,Fort William,943,https://www.walkhighlands.co.uk/munros/binnein-beag,['https://www.walkhighlands.co.uk//fortwilliam/sgurreildemor.shtml']
Sgòrr nam Fiannaidh (Aonach Eagach),Fort William,967,https://www.walkhighlands.co.uk/munros/sgorr-nam-fiannaidh-aonach-eagach,['https://www.walkhighlands.co.uk//fortwilliam/aonacheagach.shtml']
Beinn Udlamain,Cairngorms,1010,https://www.walkhighlands.co.uk/munros/beinn-udlamain,['https://www.walkhighlands.co.uk//cairngorms/beinn-udlamain.shtml']
Ruadh,Torridon,1010,https://www.walkhighlands.co.uk/munros/ruadh-stac-mor-beinn-eighe,['https://www.walkhighlands.co.uk//torridon/Beinneighe.shtml']
Derry Cairngorm,Cairngorms,1155,https://www.walkhighlands.co.uk/munros/derry-cairngorm,"['https://www.walkhighlands.co.uk//cairngorms/ben-macdui.shtml', 'https://www.walkhighlands.co.uk//cairngorms/mheadhoin-derry.shtml']"
Càrn Mairg,Perthshire,1042,https://www.walkhighlands.co.uk/munros/carn-mairg,['https://www.walkhighlands.co.uk//perthshire/carn-mairg.shtml']
Sgùrr Chòinnich Mòr,Fort William,1094,https://www.walkhighlands.co.uk/munros/sgurr-choinnich-mor,['https://www.walkhighlands.co.uk//fortwilliam/greycorries.shtml']
Sgùrr Èilde Mòr,Fort William,1010,https://www.walkhighlands.co.uk/munros/sgurr-eilde-mor,['https://www.walkhighlands.co.uk//fortwilliam/sgurreildemor.shtml']
Stob Coire Sgriodain,Fort William,979,https://www.walkhighlands.co.uk/munros/stob-coire-sgriodain,['https://www.walkhighlands.co.uk//fortwilliam/chnodearg.shtml']
Beinn na Lap,Fort William,937,https://www.walkhighlands.co.uk/munros/beinn-na-lap,['https://www.walkhighlands.co.uk//fortwilliam/beinn-na-lap.shtml']
Beinn Narnain,Loch Lomond,926,https://www.walkhighlands.co.uk/munros/beinn-narnain,['https://www.walkhighlands.co.uk//lochlomond/beinn-ime.shtml']
Sgiath Chùil,Loch Lomond,921,https://www.walkhighlands.co.uk/munros/sgiath-chuil,"['https://www.walkhighlands.co.uk//lochlomond/meall-glas.shtml', 'https://www.walkhighlands.co.uk//perthshire/sgiath-chuil.shtml']"
A' Ghlas,Kintail,918,https://www.walkhighlands.co.uk/munros/a-ghlas-bheinn,['https://www.walkhighlands.co.uk//kintail/Aghlasbheinn.shtml']
Gleouraich,Fort William,1035,https://www.walkhighlands.co.uk/munros/gleouraich,['https://www.walkhighlands.co.uk//fortwilliam/spideanmialach.shtml']
Glas Bheinn Mhòr,Fort William,997,https://www.walkhighlands.co.uk/munros/glas-bheinn-mhor,['https://www.walkhighlands.co.uk//fortwilliam/benstarav.shtml']
Beinn a' Chreachain,Argyll,1081,https://www.walkhighlands.co.uk/munros/beinn-a-chreachain,['https://www.walkhighlands.co.uk//argyll/beinn-achaladair.shtml']
Sgùrr nan Each,Ullapool,923,https://www.walkhighlands.co.uk/munros/sgurr-nan-each,['https://www.walkhighlands.co.uk//ullapool/sgurrnanclachgeala.shtml']
Sgòrr Dhònuill (Beinn a' Bheithir),Fort William,1001,https://www.walkhighlands.co.uk/munros/sgorr-dhonuill-beinn-a-bheithir,['https://www.walkhighlands.co.uk//fortwilliam/beinnabheithir.shtml']
Ben Hope,Sutherland,927,https://www.walkhighlands.co.uk/munros/ben-hope,['https://www.walkhighlands.co.uk//sutherland/ben-hope.shtml']
Cairn Bannoch,Cairngorms,1012,https://www.walkhighlands.co.uk/munros/cairn-bannoch,['https://www.walkhighlands.co.uk//cairngorms/white-mounth.shtml']
Càrn Ghluasaid,Kintail,957,https://www.walkhighlands.co.uk/munros/carn-ghluasaid,['https://www.walkhighlands.co.uk//kintail/sgurrnanconbhairean.shtml']
Beinn Liath Mhòr,Torridon,926,https://www.walkhighlands.co.uk/munros/beinn-liath-mhor,['https://www.walkhighlands.co.uk//torridon/Beinnliathmhor.shtml']
Ben Wyvis,Loch Ness,1046,https://www.walkhighlands.co.uk/munros/ben-wyvis,['https://www.walkhighlands.co.uk//lochness/Benwyvis.shtml']
Beinn Mheadhoin,Cairngorms,1182,https://www.walkhighlands.co.uk/munros/beinn-mheadhoin,"['https://www.walkhighlands.co.uk//cairngorms/beinn-mheadhoin.shtml', 'https://www.walkhighlands.co.uk//cairngorms/mheadhoin-derry.shtml']"
Beinn Bhrotain,Cairngorms,1157,https://www.walkhighlands.co.uk/munros/beinn-bhrotain,['https://www.walkhighlands.co.uk//cairngorms/beinn-bhrotain.shtml']
Meall Buidhe (Glen Lyon),Perthshire,932,https://www.walkhighlands.co.uk/munros/meall-buidhe-glen-lyon,['https://www.walkhighlands.co.uk//perthshire/meall-buidhe.shtml']
Sgùrr a' Bhealaich Dheirg,Kintail,1036,https://www.walkhighlands.co.uk/munros/sgurr-a-bhealaich-dheirg,['https://www.walkhighlands.co.uk//kintail/Brothersridge.shtml']
Am Bodach,Fort William,1032,https://www.walkhighlands.co.uk/munros/am-bodach,['https://www.walkhighlands.co.uk//fortwilliam/ringofsteall.shtml']
Beinn Ghlas,Perthshire,1103,https://www.walkhighlands.co.uk/munros/beinn-ghlas,['https://www.walkhighlands.co.uk//perthshire/ben-lawers.shtml']
Beinn nan Aighenan,Fort William,960,https://www.walkhighlands.co.uk/munros/beinn-nan-aighenan,['https://www.walkhighlands.co.uk//fortwilliam/beinn-nan-aighenan.shtml']
Ladhar Bheinn,Fort William,1020,https://www.walkhighlands.co.uk/munros/ladhar-bheinn,['https://www.walkhighlands.co.uk//fortwilliam/ladhar-bheinn.shtml']
Sgùrr a' Choire Ghlais,Loch Ness,1083,https://www.walkhighlands.co.uk/munros/sgurr-a-choire-ghlais,['https://www.walkhighlands.co.uk//lochness/strathfarrar-munros.shtml']
An Coileachan,Ullapool,923,https://www.walkhighlands.co.uk/munros/an-coileachan,['https://www.walkhighlands.co.uk//ullapool/fannichs.shtml']
Stob Ghabhar,Argyll,1090,https://www.walkhighlands.co.uk/munros/stob-ghabhar,['https://www.walkhighlands.co.uk//argyll/stob-ghabhar.shtml']
Sgùrr Fhuar,Loch Ness,1049,https://www.walkhighlands.co.uk/munros/sgurr-fhuar-thuill,['https://www.walkhighlands.co.uk//lochness/strathfarrar-munros.shtml']
Creag a'Mhàim,Kintail,947,https://www.walkhighlands.co.uk/munros/creag-a-mhaim,['https://www.walkhighlands.co.uk//kintail/Glenshielridge.shtml']
Càrn Aosda,Cairngorms,917,https://www.walkhighlands.co.uk/munros/carn-aosda,['https://www.walkhighlands.co.uk//cairngorms/cairnwell.shtml']
The Devil's Point,Cairngorms,1004,https://www.walkhighlands.co.uk/munros/the-devils-point,['https://www.walkhighlands.co.uk//cairngorms/cairn-toul.shtml']
Meall a' Chrasgaidh,Ullapool,934,https://www.walkhighlands.co.uk/munros/meall-a-chrasgaidh,['https://www.walkhighlands.co.uk//ullapool/sgurrnanclachgeala.shtml']
Sgùrr Mòr (Loch Quoich),Fort William,1003,https://www.walkhighlands.co.uk/munros/sgurr-mor-loch-quoich,['https://www.walkhighlands.co.uk//fortwilliam/sgurr-mor.shtml']
Stob Coire Raineach (Buachaille Etive Beag),Fort William,925,https://www.walkhighlands.co.uk/munros/stob-coire-raineach-buachaille-etive-beag,['https://www.walkhighlands.co.uk//fortwilliam/buachailleetivebeag.shtml']
Ben Macdui,Cairngorms,1309,https://www.walkhighlands.co.uk/munros/ben-macdui,"['https://www.walkhighlands.co.uk//cairngorms/ben-macdui.shtml', 'https://www.walkhighlands.co.uk//cairngorms/macdui-cairngorm.shtml']"
Sgùrr na Lapaich,Loch Ness,1150,https://www.walkhighlands.co.uk/munros/sgurr-na-lapaich,['https://www.walkhighlands.co.uk//lochness/mullardoch-munros.shtml']
Ben Lawers,Perthshire,1214,https://www.walkhighlands.co.uk/munros/ben-lawers,['https://www.walkhighlands.co.uk//perthshire/ben-lawers.shtml']
Creag Mhòr (Glen Lochay),Perthshire,1047,https://www.walkhighlands.co.uk/munros/creag-mhor-glen-lochay,['https://www.walkhighlands.co.uk//perthshire/beinn-heasgarnich.shtml']
Mount Keen,Angus,939,https://www.walkhighlands.co.uk/munros/mount-keen,"['https://www.walkhighlands.co.uk//angus/mount-keen.shtml', 'https://www.walkhighlands.co.uk//cairngorms/mount-keen.shtml']"
Stob Poite Coire Àrdair,Fort William,1054,https://www.walkhighlands.co.uk/munros/stob-poite-coire-ardair,['https://www.walkhighlands.co.uk//fortwilliam/creagmeagaidh.shtml']
Sgùrr an Doire Leathain,Kintail,1010,https://www.walkhighlands.co.uk/munros/sgurr-an-doire-leathain,['https://www.walkhighlands.co.uk//kintail/Glenshielridge.shtml']
Sgùrr na Ruaidhe,Loch Ness,993,https://www.walkhighlands.co.uk/munros/sgurr-na-ruaidhe,['https://www.walkhighlands.co.uk//lochness/strathfarrar-munros.shtml']
Moruisg,Torridon,928,https://www.walkhighlands.co.uk/munros/moruisg,['https://www.walkhighlands.co.uk//torridon/Moruisg.shtml']
Sgòr an Lochain Uaine,Cairngorms,1258,https://www.walkhighlands.co.uk/munros/sgor-an-lochain-uaine,['https://www.walkhighlands.co.uk//cairngorms/cairn-toul.shtml']
Beinn a' Chochuill,Argyll,980,https://www.walkhighlands.co.uk/munros/beinn-a-chochuill,['https://www.walkhighlands.co.uk//argyll/beinn-eunaich.shtml']
Beinn a' Bhùird,Cairngorms,1197,https://www.walkhighlands.co.uk/munros/beinn-a-bhuird,['https://www.walkhighlands.co.uk//cairngorms/beinn-a-bhuird.shtml']
An Riabhachan,Loch Ness,1129,https://www.walkhighlands.co.uk/munros/an-riabhachan,['https://www.walkhighlands.co.uk//lochness/mullardoch-munros.shtml']
Slioch,Torridon,981,https://www.walkhighlands.co.uk/munros/slioch,['https://www.walkhighlands.co.uk//torridon/Slioch.shtml']
Beinn Fhada,Kintail,1032,https://www.walkhighlands.co.uk/munros/beinn-fhada,['https://www.walkhighlands.co.uk//kintail/Beinnfhada.shtml']
A' Chailleach (Monadhliath),Cairngorms,930,https://www.walkhighlands.co.uk/munros/a-chailleach-monadhliath,['https://www.walkhighlands.co.uk//cairngorms/monadhliath.shtml']
Aonach Mòr,Fort William,1221,https://www.walkhighlands.co.uk/munros/aonach-mor,"['https://www.walkhighlands.co.uk//fortwilliam/aonachmor.shtml', 'https://www.walkhighlands.co.uk//fortwilliam/aonachs-gondola.shtml']"
Ben Vorlich (Loch Earn),Perthshire,985,https://www.walkhighlands.co.uk/munros/ben-vorlich-loch-earn,['https://www.walkhighlands.co.uk//perthshire/ben-vorlich.shtml']
Ciste Dhubh,Kintail,979,https://www.walkhighlands.co.uk/munros/ciste-dhubh,['https://www.walkhighlands.co.uk//kintail/Cistedhubh.shtml']
Càrn Dearg (Loch Pattack),Cairngorms,1034,https://www.walkhighlands.co.uk/munros/carn-dearg-loch-pattack,['https://www.walkhighlands.co.uk//cairngorms/aonach-beag.shtml']
Beinn Sgulaird,Argyll,937,https://www.walkhighlands.co.uk/munros/beinn-sgulaird,['https://www.walkhighlands.co.uk//argyll/beinn-sgulaird.shtml']
Sgòrr Ruadh,Torridon,962,https://www.walkhighlands.co.uk/munros/sgorr-ruadh,['https://www.walkhighlands.co.uk//torridon/Sgorrruadh.shtml']
Beinn Fhionnlaidh (Càrn Eige),Loch Ness,1005,https://www.walkhighlands.co.uk/munros/beinn-fhionnlaidh-carn-eige,['https://www.walkhighlands.co.uk//lochness/carn-eige.shtml']
Càrn a' Chlamain,Perthshire,963,https://www.walkhighlands.co.uk/munros/carn-a-chlamain,['https://www.walkhighlands.co.uk//perthshire/carn-a-chlamain.shtml']
Sgùrr nan Eag,Isle of Skye,924,https://www.walkhighlands.co.uk/munros/sgurr-nan-eag,['https://www.walkhighlands.co.uk//skye/sgurrnaneag.shtml']
Stob Bàn (Mamores),Fort William,999,https://www.walkhighlands.co.uk/munros/stob-ban-mamores,['https://www.walkhighlands.co.uk//fortwilliam/stobban.shtml']
Schiehallion,Perthshire,1083,https://www.walkhighlands.co.uk/munros/schiehallion,['https://www.walkhighlands.co.uk//perthshire/schiehallion.shtml']
Sgùrr Mòr,Ullapool,1110,https://www.walkhighlands.co.uk/munros/sgurr-mor,['https://www.walkhighlands.co.uk//ullapool/fannichs.shtml']
Gairich,Fort William,919,https://www.walkhighlands.co.uk/munros/gairich,['https://www.walkhighlands.co.uk//fortwilliam/gairich.shtml']
A' Chralaig,Kintail,1120,https://www.walkhighlands.co.uk/munros/a-chralaig,['https://www.walkhighlands.co.uk//kintail/Achralaig.shtml']
Beinn Tarsuinn,Ullapool,937,https://www.walkhighlands.co.uk/munros/beinn-tarsuinn,['https://www.walkhighlands.co.uk//ullapool/fisherfield-6.shtml']
Meall Dearg (Aonach Eagach),Fort William,953,https://www.walkhighlands.co.uk/munros/meall-dearg-aonach-eagach,"['https://www.walkhighlands.co.uk//fortwilliam/aonacheagach.shtml', 'https://www.walkhighlands.co.uk//fortwilliam/meall-dearg.shtml']"
Ben Avon,Cairngorms,1171,https://www.walkhighlands.co.uk/munros/ben-avon,['https://www.walkhighlands.co.uk//cairngorms/ben-avon.shtml']
Meall Glas,Loch Lomond,959,https://www.walkhighlands.co.uk/munros/meall-glas,"['https://www.walkhighlands.co.uk//lochlomond/meall-glas.shtml', 'https://www.walkhighlands.co.uk//perthshire/sgiath-chuil.shtml']"
Ben More,Loch Lomond,1174,https://www.walkhighlands.co.uk/munros/ben-more,['https://www.walkhighlands.co.uk//lochlomond/ben-more.shtml']
Maol chinn,Kintail,981,https://www.walkhighlands.co.uk/munros/maol-chinn-dearg,['https://www.walkhighlands.co.uk//kintail/Glenshielridge.shtml']
Beinn Èibhinn,Cairngorms,1102,https://www.walkhighlands.co.uk/munros/beinn-eibhinn,['https://www.walkhighlands.co.uk//cairngorms/aonach-beag.shtml']
Stob na Bròige  (Buachaille Etive Mòr),Fort William,956,https://www.walkhighlands.co.uk/munros/stob-na-broige-buachaille-etive-mor,['https://www.walkhighlands.co.uk//fortwilliam/buachailleetivemor.shtml']
Ruadh Stac Mòr,Ullapool,918,https://www.walkhighlands.co.uk/munros/ruadh-stac-mor,['https://www.walkhighlands.co.uk//ullapool/fisherfield-6.shtml']
Stob Coire Easain,Fort William,1115,https://www.walkhighlands.co.uk/munros/stob-coire-easain,['https://www.walkhighlands.co.uk//fortwilliam/easains.shtml']
Beinn Bhreac,Cairngorms,931,https://www.walkhighlands.co.uk/munros/beinn-bhreac,['https://www.walkhighlands.co.uk//cairngorms/beinn-a-chaorainn.shtml']
Sgùrr na Sgìne,Kintail,945,https://www.walkhighlands.co.uk/munros/sgurr-na-sgine,['https://www.walkhighlands.co.uk//kintail/Thesaddle.shtml']
Cairn Toul,Cairngorms,1291,https://www.walkhighlands.co.uk/munros/cairn-toul,['https://www.walkhighlands.co.uk//cairngorms/cairn-toul.shtml']
Meall Gorm,Ullapool,949,https://www.walkhighlands.co.uk/munros/meall-gorm,['https://www.walkhighlands.co.uk//ullapool/fannichs.shtml']
Spidean a' Choire Lèith (Liathach),Torridon,1055,https://www.walkhighlands.co.uk/munros/spidean-a-choire-leith-liathach,['https://www.walkhighlands.co.uk//torridon/Liathach.shtml']
Meall Garbh (Càrn Mairg),Perthshire,968,https://www.walkhighlands.co.uk/munros/meall-garbh-carn-mairg,['https://www.walkhighlands.co.uk//perthshire/carn-mairg.shtml']
Mullach Clach a' Bhlàir,Cairngorms,1019,https://www.walkhighlands.co.uk/munros/mullach-clach-a-bhlair,['https://www.walkhighlands.co.uk//cairngorms/mullach-clach-a-bhlair.shtml']
Spidean Mialach,Fort William,996,https://www.walkhighlands.co.uk/munros/spidean-mialach,['https://www.walkhighlands.co.uk//fortwilliam/spideanmialach.shtml']
Luinne Bheinn,Fort William,939,https://www.walkhighlands.co.uk/munros/luinne-bheinn,['https://www.walkhighlands.co.uk//fortwilliam/luinne-bheinn.shtml']
An Caisteal,Loch Lomond,995,https://www.walkhighlands.co.uk/munros/an-caisteal,['https://www.walkhighlands.co.uk//lochlomond/an-caisteal.shtml']
Cona' Mheall,Ullapool,978,https://www.walkhighlands.co.uk/munros/cona-mheall,['https://www.walkhighlands.co.uk//ullapool/beinndearg.shtml']
Sgùrr nan Gillean,Isle of Skye,964,https://www.walkhighlands.co.uk/munros/sgurr-nan-gillean,['https://www.walkhighlands.co.uk//skye/sgurrnangillean.shtml']
Ben Challum,Argyll,1025,https://www.walkhighlands.co.uk/munros/ben-challum,['https://www.walkhighlands.co.uk//argyll/ben-challum.shtml']
Braeriach,Cairngorms,1296,https://www.walkhighlands.co.uk/munros/braeriach,"['https://www.walkhighlands.co.uk//cairngorms/braeriach.shtml', 'https://www.walkhighlands.co.uk//cairngorms/cairn-toul.shtml']"
The Cairnwell,Cairngorms,933,https://www.walkhighlands.co.uk/munros/the-cairnwell,['https://www.walkhighlands.co.uk//cairngorms/cairnwell.shtml']
Beinn a' Chròin,Loch Lomond,942,https://www.walkhighlands.co.uk/munros/beinn-a-chroin,['https://www.walkhighlands.co.uk//lochlomond/an-caisteal.shtml']
Beinn a' Chaorainn (Glen Spean),Fort William,1050,https://www.walkhighlands.co.uk/munros/beinn-a-chaorainn-glen-spean,['https://www.walkhighlands.co.uk//fortwilliam/beinnachaorainn.shtml']
Stob Choire Claurigh,Fort William,1177,https://www.walkhighlands.co.uk/munros/stob-choire-claurigh,['https://www.walkhighlands.co.uk//fortwilliam/greycorries.shtml']
An Socach (Braemar),Cairngorms,944,https://www.walkhighlands.co.uk/munros/an-socach-braemar,['https://www.walkhighlands.co.uk//cairngorms/an-socach.shtml']
Stùcd an Lochain,Perthshire,960,https://www.walkhighlands.co.uk/munros/stuchd-an-lochain,['https://www.walkhighlands.co.uk//perthshire/stuchd-an-lochain.shtml']
Beinn Eunaich,Argyll,989,https://www.walkhighlands.co.uk/munros/beinn-eunaich,['https://www.walkhighlands.co.uk//argyll/beinn-eunaich.shtml']
Beinn Ìme,Loch Lomond,1011,https://www.walkhighlands.co.uk/munros/beinn-ime,['https://www.walkhighlands.co.uk//lochlomond/beinn-ime.shtml']
Beinn Mhanach,Argyll,953,https://www.walkhighlands.co.uk/munros/beinn-mhanach,['https://www.walkhighlands.co.uk//argyll/beinn-mhanach.shtml']
Aonach Air Chrith,Kintail,1021,https://www.walkhighlands.co.uk/munros/aonach-air-chrith,['https://www.walkhighlands.co.uk//kintail/Glenshielridge.shtml']
Càrn Gorm,Perthshire,1029,https://www.walkhighlands.co.uk/munros/carn-gorm,['https://www.walkhighlands.co.uk//perthshire/carn-mairg.shtml']
Sgùrr nan Conbhairean,Kintail,1109,https://www.walkhighlands.co.uk/munros/sgurr-nan-conbhairean,['https://www.walkhighlands.co.uk//kintail/sgurrnanconbhairean.shtml']
Meall na Teanga,Fort William,918,https://www.walkhighlands.co.uk/munros/meall-na-teanga,['https://www.walkhighlands.co.uk//fortwilliam/lochlochymunros.shtml']
Stob Coire a' Chàirn,Fort William,981,https://www.walkhighlands.co.uk/munros/stob-coire-a-chairn,['https://www.walkhighlands.co.uk//fortwilliam/ringofsteall.shtml']
Mullach an Rathain (Liathach),Torridon,1023,https://www.walkhighlands.co.uk/munros/mullach-an-rathain-liathach,['https://www.walkhighlands.co.uk//torridon/Liathach.shtml']
Creag nan Dàmh,Kintail,918,https://www.walkhighlands.co.uk/munros/creag-nan-damh,['https://www.walkhighlands.co.uk//kintail/Glenshielridge.shtml']
Sgùrr na Càrnach,Kintail,1002,https://www.walkhighlands.co.uk/munros/sgurr-na-carnach,['https://www.walkhighlands.co.uk//kintail/Fivesisters.shtml']
Driesh,Angus,947,https://www.walkhighlands.co.uk/munros/driesh,['https://www.walkhighlands.co.uk//angus/mayar-driesh.shtml']
Sgùrr na Cìche,Fort William,1040,https://www.walkhighlands.co.uk/munros/sgurr-na-ciche,['https://www.walkhighlands.co.uk//fortwilliam/sgurrnaciche.shtml']
Glas Maol,Cairngorms,1068,https://www.walkhighlands.co.uk/munros/glas-maol,"['https://www.walkhighlands.co.uk//cairngorms/glas-maol.shtml', 'https://www.walkhighlands.co.uk//angus/monega-glas-maol.shtml']"
Beinn Liath Mhòr Fannaich,Ullapool,954,https://www.walkhighlands.co.uk/munros/beinn-liath-mhor-fannaich,['https://www.walkhighlands.co.uk//ullapool/fannichs.shtml']
Sgùrr Dubh Mòr,Isle of Skye,944,https://www.walkhighlands.co.uk/munros/sgurr-dubh-mor,['https://www.walkhighlands.co.uk//skye/sgurrnaneag.shtml']
Bidein a' Ghlas Thuill (An Teallach),Ullapool,1062,https://www.walkhighlands.co.uk/munros/bidein-a-ghlas-thuill-an-teallach,['https://www.walkhighlands.co.uk//ullapool/anteallach.shtml']
Sgùrr nan Clach Geala,Ullapool,1093,https://www.walkhighlands.co.uk/munros/sgurr-nan-clach-geala,['https://www.walkhighlands.co.uk//ullapool/sgurrnanclachgeala.shtml']
Aonach Beag (Nevis Range),Fort William,1234,https://www.walkhighlands.co.uk/munros/aonach-beag-nevis-range,"['https://www.walkhighlands.co.uk//fortwilliam/aonachmor.shtml', 'https://www.walkhighlands.co.uk//fortwilliam/aonachs-gondola.shtml']"
Ben Klibreck,Sutherland,961,https://www.walkhighlands.co.uk/munros/ben-klibreck,['https://www.walkhighlands.co.uk//sutherland/ben-klibreck.shtml']
Càrn Eige,Loch Ness,1183,https://www.walkhighlands.co.uk/munros/carn-eige,['https://www.walkhighlands.co.uk//lochness/carn-eige.shtml']
Bruach na Frìthe,Isle of Skye,958,https://www.walkhighlands.co.uk/munros/bruach-na-frithe,['https://www.walkhighlands.co.uk//skye/bruachnafrithe.shtml']
Stob Binnein,Loch Lomond,1165,https://www.walkhighlands.co.uk/munros/stob-binnein,['https://www.walkhighlands.co.uk//lochlomond/ben-more.shtml']
Sgùrr nan Coireachan (Glen Dessary),Fort William,953,https://www.walkhighlands.co.uk/munros/sgurr-nan-coireachan-glen-dessary,['https://www.walkhighlands.co.uk//fortwilliam/sgurrnaciche.shtml']
Ben Oss,Argyll,1029,https://www.walkhighlands.co.uk/munros/ben-oss,['https://www.walkhighlands.co.uk//argyll/ben-oss.shtml']
Sgàirneach Mhòr,Cairngorms,991,https://www.walkhighlands.co.uk/munros/sgairneach-mhor,['https://www.walkhighlands.co.uk//cairngorms/beinn-udlamain.shtml']
Sàil Chaorainn,Kintail,1002,https://www.walkhighlands.co.uk/munros/sail-chaorainn,['https://www.walkhighlands.co.uk//kintail/sgurrnanconbhairean.shtml']
Tolmount,Cairngorms,958,https://www.walkhighlands.co.uk/munros/tolmount,['https://www.walkhighlands.co.uk//cairngorms/tolmount.shtml']
Meall nan Tarmachan,Perthshire,1044,https://www.walkhighlands.co.uk/munros/meall-nan-tarmachan,['https://www.walkhighlands.co.uk//perthshire/meall-nan-tarmachan.shtml']
Ben More Assynt,Ullapool,998,https://www.walkhighlands.co.uk/munros/ben-more-assynt,['https://www.walkhighlands.co.uk//ullapool/benmoreassynt.shtml']
Stob Coir an Albannaich,Fort William,1044,https://www.walkhighlands.co.uk/munros/stob-coir-an-albannaich,['https://www.walkhighlands.co.uk//fortwilliam/stobcoiranalbannaich.shtml']
Meall Greigh,Perthshire,1001,https://www.walkhighlands.co.uk/munros/meall-greigh,['https://www.walkhighlands.co.uk//perthshire/meall-garbh.shtml']
Beinn Bhuidhe,Argyll,948,https://www.walkhighlands.co.uk/munros/beinn-bhuidhe,['https://www.walkhighlands.co.uk//argyll/beinn-bhuidhe.shtml']
Sgùrr Mhic Chòinnich,Isle of Skye,948,https://www.walkhighlands.co.uk/munros/sgurr-mhic-choinnich,['https://www.walkhighlands.co.uk//skye/sgurr-mhic-choinnich.shtml']
Càrn Bhac,Cairngorms,946,https://www.walkhighlands.co.uk/munros/carn-bhac,['https://www.walkhighlands.co.uk//cairngorms/beinn-iutharn-mhor.shtml']
Bidein a' Choire Sheasgaich,Torridon,945,https://www.walkhighlands.co.uk/munros/bidein-a-choire-sheasgaich,['https://www.walkhighlands.co.uk//torridon/bideinachoiresheasgaich.shtml']
Beinn a' Chaorainn (Cairngorms),Cairngorms,1082,https://www.walkhighlands.co.uk/munros/beinn-a-chaorainn-cairngorms,"['https://www.walkhighlands.co.uk//cairngorms/lairig-an-laoigh.shtml', 'https://www.walkhighlands.co.uk//cairngorms/beinn-a-chaorainn.shtml']"
Stob Coire an Laoigh,Fort William,1116,https://www.walkhighlands.co.uk/munros/stob-coire-an-laoigh,['https://www.walkhighlands.co.uk//fortwilliam/greycorries.shtml']
Stob Coire Sgreamhach,Fort William,1072,https://www.walkhighlands.co.uk/munros/stob-coire-sgreamhach,['https://www.walkhighlands.co.uk//fortwilliam/bideannambian.shtml']
Ben Chonzie,Perthshire,931,https://www.walkhighlands.co.uk/munros/ben-chonzie,['https://www.walkhighlands.co.uk//perthshire/ben-chonzie.shtml']
Càrn an t,Cairngorms,1047,https://www.walkhighlands.co.uk/munros/carn-an-t-sagairt-mor,['https://www.walkhighlands.co.uk//cairngorms/white-mounth.shtml']
A' Chailleach (Fannichs),Ullapool,997,https://www.walkhighlands.co.uk/munros/a-chailleach,"['https://www.walkhighlands.co.uk//ullapool/anteallach.shtml', 'https://www.walkhighlands.co.uk//ullapool/sgurrbreac.shtml']"
Chno Dearg,Fort William,1046,https://www.walkhighlands.co.uk/munros/chno-dearg,['https://www.walkhighlands.co.uk//fortwilliam/chnodearg.shtml']
Geal,Cairngorms,1132,https://www.walkhighlands.co.uk/munros/geal-charn-alder,['https://www.walkhighlands.co.uk//cairngorms/aonach-beag.shtml']
Sgòr na h,Fort William,994,https://www.walkhighlands.co.uk/munros/sgor-na-h-ulaidh,['https://www.walkhighlands.co.uk//fortwilliam/sgornaulaidh.shtml']
Ben Lui,Argyll,1130,https://www.walkhighlands.co.uk/munros/ben-lui,['https://www.walkhighlands.co.uk//argyll/ben-lui.shtml']
Meall Garbh (Ben Lawers),Perthshire,1118,https://www.walkhighlands.co.uk/munros/meall-garbh-ben-lawers,['https://www.walkhighlands.co.uk//perthshire/meall-garbh.shtml']
Càrn nan Gobhar (Strathfarrar),Loch Ness,992,https://www.walkhighlands.co.uk/munros/carn-nan-gobhar-strathfarrar,['https://www.walkhighlands.co.uk//lochness/strathfarrar-munros.shtml']
Sgùrr Fhuaran,Kintail,1067,https://www.walkhighlands.co.uk/munros/sgurr-fhuaran,['https://www.walkhighlands.co.uk//kintail/Fivesisters.shtml']
Meall a' Bhùiridh,Fort William,1108,https://www.walkhighlands.co.uk/munros/meall-a-bhuiridh,['https://www.walkhighlands.co.uk//fortwilliam/creise.shtml']
Sgùrr nan Coireachan (Glenfinnan),Fort William,956,https://www.walkhighlands.co.uk/munros/sgurr-nan-coireachan-glenfinnan,['https://www.walkhighlands.co.uk//fortwilliam/sgurrthuilm.shtml']
Sgòr Gaoith,Cairngorms,1118,https://www.walkhighlands.co.uk/munros/sgor-gaoith,['https://www.walkhighlands.co.uk//cairngorms/sgor-gaoith.shtml']
Maol Chean,Torridon,933,https://www.walkhighlands.co.uk/munros/maol-chean-dearg,['https://www.walkhighlands.co.uk//torridon/Maolcheandearg.shtml']
Sàileag,Kintail,956,https://www.walkhighlands.co.uk/munros/saileag,['https://www.walkhighlands.co.uk//kintail/Brothersridge.shtml']
Sgùrr a' Mhaoraich,Fort William,1027,https://www.walkhighlands.co.uk/munros/sgurr-a-mhaoraich,['https://www.walkhighlands.co.uk//fortwilliam/sgurramhaoraich.shtml']
Maoile Lunndaidh,Torridon,1007,https://www.walkhighlands.co.uk/munros/maoile-lunndaidh,['https://www.walkhighlands.co.uk//torridon/maoilelunndaidh.shtml']
Beinn Bheoil,Cairngorms,1019,https://www.walkhighlands.co.uk/munros/beinn-bheoil,['https://www.walkhighlands.co.uk//cairngorms/ben-alder.shtml']
Sgùrr na Ciste Duibhe,Kintail,1027,https://www.walkhighlands.co.uk/munros/sgurr-na-ciste-duibhe,['https://www.walkhighlands.co.uk//kintail/Fivesisters.shtml']
Beinn an Dòthaidh,Argyll,1004,https://www.walkhighlands.co.uk/munros/beinn-an-dothaidh,['https://www.walkhighlands.co.uk//argyll/beinn-dorain.shtml']
Sgòrr Dhearg (Beinn a' Bheithir),Fort William,1024,https://www.walkhighlands.co.uk/munros/sgorr-dhearg-beinn-a-bheithir,['https://www.walkhighlands.co.uk//fortwilliam/beinnabheithir.shtml']
Càrn Dearg (Monadhliath),Cairngorms,945,https://www.walkhighlands.co.uk/munros/carn-dearg-monadhliath,['https://www.walkhighlands.co.uk//cairngorms/monadhliath.shtml']
Stùc a' Chròin,Perthshire,975,https://www.walkhighlands.co.uk/munros/stuc-a-chroin,"['https://www.walkhighlands.co.uk//perthshire/ben-vorlich.shtml', 'https://www.walkhighlands.co.uk//lochlomond/beinn-each.shtml']"
Sgùrr a' Chaorachain,Torridon,1053,https://www.walkhighlands.co.uk/munros/sgurr-a-chaorachain,['https://www.walkhighlands.co.uk//torridon/Sgurrchoinnich.shtml']
Monadh Mòr,Cairngorms,1113,https://www.walkhighlands.co.uk/munros/monadh-mor,['https://www.walkhighlands.co.uk//cairngorms/beinn-bhrotain.shtml']
A' Bhuidheanach Bheag,Cairngorms,936,https://www.walkhighlands.co.uk/munros/a-bhuidheanach-bheag,['https://www.walkhighlands.co.uk//cairngorms/carn-na-caim.shtml']
Bynack More,Cairngorms,1090,https://www.walkhighlands.co.uk/munros/bynack-more,['https://www.walkhighlands.co.uk//cairngorms/bynackmore.shtml']
Stob Dearg (Buachaille Etive Mòr),Fort William,1021,https://www.walkhighlands.co.uk/munros/stob-dearg-buachaille-etive-mor,['https://www.walkhighlands.co.uk//fortwilliam/buachailleetivemor.shtml']
Toll Creagach,Loch Ness,1054,https://www.walkhighlands.co.uk/munros/toll-creagach,['https://www.walkhighlands.co.uk//lochness/Tollcreagach.shtml']
Aonach Beag (Alder),Cairngorms,1116,https://www.walkhighlands.co.uk/munros/aonach-beag-alder,['https://www.walkhighlands.co.uk//cairngorms/aonach-beag.shtml']
Beinn Dearg (Blair Atholl),Perthshire,1008,https://www.walkhighlands.co.uk/munros/beinn-dearg-blair-atholl,['https://www.walkhighlands.co.uk//perthshire/beinn-dearg.shtml']
Am Faochagach,Ullapool,954,https://www.walkhighlands.co.uk/munros/am-faochagach,['https://www.walkhighlands.co.uk//ullapool/amfaochagach.shtml']
The Saddle,Kintail,1010,https://www.walkhighlands.co.uk/munros/the-saddle,['https://www.walkhighlands.co.uk//kintail/Thesaddle.shtml']
Ben Starav,Fort William,1078,https://www.walkhighlands.co.uk/munros/ben-starav,['https://www.walkhighlands.co.uk//fortwilliam/benstarav.shtml']
Càrn an Tuirc,Cairngorms,1019,https://www.walkhighlands.co.uk/munros/carn-an-tuirc,['https://www.walkhighlands.co.uk//cairngorms/glas-maol.shtml']
An Gearanach,Fort William,982,https://www.walkhighlands.co.uk/munros/an-gearanach,['https://www.walkhighlands.co.uk//fortwilliam/ringofsteall.shtml']
A' Mharconaich,Cairngorms,975,https://www.walkhighlands.co.uk/munros/a-mharconaich,['https://www.walkhighlands.co.uk//cairngorms/a-mharconaich.shtml']
Gulvain,Fort William,987,https://www.walkhighlands.co.uk/munros/gulvain,['https://www.walkhighlands.co.uk//fortwilliam/gulvain.shtml']
Blà Bheinn,Isle of Skye,928,https://www.walkhighlands.co.uk/munros/bla-bheinn,['https://www.walkhighlands.co.uk//skye/blabheinn.shtml']
Sgùrr an Lochain,Kintail,1004,https://www.walkhighlands.co.uk/munros/sgurr-an-lochain,['https://www.walkhighlands.co.uk//kintail/Glenshielridge.shtml']
Ben Lomond,Loch Lomond,974,https://www.walkhighlands.co.uk/munros/ben-lomond,['https://www.walkhighlands.co.uk//lochlomond/ben-lomond.shtml']
Meall nan Ceapraichean,Ullapool,977,https://www.walkhighlands.co.uk/munros/meall-nan-ceapraichean,['https://www.walkhighlands.co.uk//ullapool/beinndearg.shtml']
Càrn Mòr Dearg,Fort William,1220,https://www.walkhighlands.co.uk/munros/carn-mor-dearg,['https://www.walkhighlands.co.uk//fortwilliam/carnmordeargarete.shtml']
Sgùrr Chòinnich,Torridon,999,https://www.walkhighlands.co.uk/munros/sgurr-choinnich,['https://www.walkhighlands.co.uk//torridon/Sgurrchoinnich.shtml']
Ben Vorlich (Loch Lomond),Loch Lomond,943,https://www.walkhighlands.co.uk/munros/ben-vorlich-loch-lomond,['https://www.walkhighlands.co.uk//lochlomond/ben-vorlich-lomond.shtml']
Creag Leacach,Cairngorms,987,https://www.walkhighlands.co.uk/munros/creag-leacach,"['https://www.walkhighlands.co.uk//cairngorms/glas-maol.shtml', 'https://www.walkhighlands.co.uk//angus/monega-glas-maol.shtml']"
Spidean Coire nan Clach (Beinn Eighe),Torridon,993,https://www.walkhighlands.co.uk/munros/spidean-coire-nan-clach-beinn-eighe,['https://www.walkhighlands.co.uk//torridon/Beinneighe.shtml']
Sgòr Gaibhre,Fort William,955,https://www.walkhighlands.co.uk/munros/sgor-gaibhre,['https://www.walkhighlands.co.uk//fortwilliam/sgor-gaibhre.shtml']
Creise,Fort William,1100,https://www.walkhighlands.co.uk/munros/creise,['https://www.walkhighlands.co.uk//fortwilliam/creise.shtml']
Sgùrr a' Mhàim,Fort William,1099,https://www.walkhighlands.co.uk/munros/sgurr-a-mhaim,['https://www.walkhighlands.co.uk//fortwilliam/ringofsteall.shtml']
Broad Cairn,Cairngorms,998,https://www.walkhighlands.co.uk/munros/broad-cairn,"['https://www.walkhighlands.co.uk//cairngorms/white-mounth.shtml', 'https://www.walkhighlands.co.uk//cairngorms/creag-an-dubh-loch.shtml']"
Càrn Liath (Beinn a' Ghlò),Perthshire,975,https://www.walkhighlands.co.uk/munros/carn-liath-beinn-a-ghlo,['https://www.walkhighlands.co.uk//perthshire/beinn-a-ghlo.shtml']
Sgùrr Mòr (Beinn Alligin),Torridon,986,https://www.walkhighlands.co.uk/munros/sgurr-mor-beinn-alligin,['https://www.walkhighlands.co.uk//torridon/Beinnalligin.shtml']
A' Mhaighdean,Ullapool,967,https://www.walkhighlands.co.uk/munros/a-mhaighdean,['https://www.walkhighlands.co.uk//ullapool/fisherfield-6.shtml']
Màm Sodhail,Loch Ness,1181,https://www.walkhighlands.co.uk/munros/mam-sodhail,['https://www.walkhighlands.co.uk//lochness/carn-eige.shtml']
Beinn Dòrain,Argyll,1076,https://www.walkhighlands.co.uk/munros/beinn-dorain,['https://www.walkhighlands.co.uk//argyll/beinn-dorain.shtml']
Càrn Sgulain,Cairngorms,920,https://www.walkhighlands.co.uk/munros/carn-sgulain,['https://www.walkhighlands.co.uk//cairngorms/monadhliath.shtml']
Mayar,Angus,928,https://www.walkhighlands.co.uk/munros/mayar,['https://www.walkhighlands.co.uk//angus/mayar-driesh.shtml']
Mullach Coire Mhic Fhearchair,Ullapool,1019,https://www.walkhighlands.co.uk/munros/mullach-coire-mhic-fhearchair,['https://www.walkhighlands.co.uk//ullapool/fisherfield-6.shtml']
Mullach nan Coirean,Fort William,939,https://www.walkhighlands.co.uk/munros/mullach-nan-coirean,['https://www.walkhighlands.co.uk//fortwilliam/stobban.shtml']
Beinn Achaladair,Argyll,1038,https://www.walkhighlands.co.uk/munros/beinn-achaladair,['https://www.walkhighlands.co.uk//argyll/beinn-achaladair.shtml']
Bràigh Coire Chruinn,Perthshire,1070,https://www.walkhighlands.co.uk/munros/braigh-coire-chruinn-bhalgain,['https://www.walkhighlands.co.uk//perthshire/beinn-a-ghlo.shtml']
An Sgarsoch,Cairngorms,1006,https://www.walkhighlands.co.uk/munros/an-sgarsoch,['https://www.walkhighlands.co.uk//cairngorms/an-sgarsoch.shtml']
Sgùrr a' Mhadaidh,Isle of Skye,918,https://www.walkhighlands.co.uk/munros/sgurr-a-mhadaidh,['https://www.walkhighlands.co.uk//skye/sgurraghreadaidh.shtml']
Beinn Iutharn Mhòr,Cairngorms,1045,https://www.walkhighlands.co.uk/munros/beinn-iutharn-mhor,['https://www.walkhighlands.co.uk//cairngorms/beinn-iutharn-mhor.shtml']
Tom a' Chòinich,Loch Ness,1112,https://www.walkhighlands.co.uk/munros/tom-a-choinich,['https://www.walkhighlands.co.uk//lochness/Tollcreagach.shtml']
Bidean nam Bian,Fort William,1150,https://www.walkhighlands.co.uk/munros/bidean-nam-bian,['https://www.walkhighlands.co.uk//fortwilliam/bideannambian.shtml']
Aonach Meadhoin,Kintail,1001,https://www.walkhighlands.co.uk/munros/aonach-meadhoin,['https://www.walkhighlands.co.uk//kintail/Brothersridge.shtml']
Eididh nan Clach Geala,Ullapool,927,https://www.walkhighlands.co.uk/munros/eididh-nan-clach-geala,['https://www.walkhighlands.co.uk//ullapool/beinndearg.shtml']
Stob a' Choire Odhair,Argyll,945,https://www.walkhighlands.co.uk/munros/stob-a-choire-odhair,['https://www.walkhighlands.co.uk//argyll/stob-ghabhar.shtml']
Càrn Dearg (Corrour),Fort William,941,https://www.walkhighlands.co.uk/munros/carn-dearg-corrour,['https://www.walkhighlands.co.uk//fortwilliam/sgor-gaibhre.shtml']
Geal,Cairngorms,917,https://www.walkhighlands.co.uk/munros/geal-charn-drumochter,['https://www.walkhighlands.co.uk//cairngorms/a-mharconaich.shtml']
Ben Nevis,Fort William,1345,https://www.walkhighlands.co.uk/munros/ben-nevis,"['https://www.walkhighlands.co.uk//fortwilliam/bennevis.shtml', 'https://www.walkhighlands.co.uk//fortwilliam/carnmordeargarete.shtml']"
Sgùrr Fiona (An Teallach),Ullapool,1060,https://www.walkhighlands.co.uk/munros/sgurr-fiona-an-teallach,['https://www.walkhighlands.co.uk//ullapool/anteallach.shtml']
Beinn Dearg (Ullapool),Ullapool,1084,https://www.walkhighlands.co.uk/munros/beinn-dearg-ullapool,['https://www.walkhighlands.co.uk//ullapool/beinndearg.shtml']
Geal Chàrn (Monadhliath),Cairngorms,926,https://www.walkhighlands.co.uk/munros/geal-charn-monadhliath,['https://www.walkhighlands.co.uk//cairngorms/geal-charn.shtml']
Càrn na Caim,Cairngorms,941,https://www.walkhighlands.co.uk/munros/carn-na-caim,['https://www.walkhighlands.co.uk//cairngorms/carn-na-caim.shtml']
Beinn Dubhchraig,Argyll,978,https://www.walkhighlands.co.uk/munros/beinn-dubhchraig,['https://www.walkhighlands.co.uk//argyll/ben-oss.shtml']
Ben Alder,Cairngorms,1148,https://www.walkhighlands.co.uk/munros/ben-alder,['https://www.walkhighlands.co.uk//cairngorms/ben-alder.shtml']
Sgùrr Breac,Ullapool,999,https://www.walkhighlands.co.uk/munros/sgurr-breac,['https://www.walkhighlands.co.uk//ullapool/sgurrbreac.shtml']
Mullach na Dheiragain,Loch Ness,982,https://www.walkhighlands.co.uk/munros/mullach-nan-dheiragain,['https://www.walkhighlands.co.uk//lochness/Ceathreamhnan.shtml']
Càrn an Rìgh,Perthshire,1029,https://www.walkhighlands.co.uk/munros/carn-an-righ,['https://www.walkhighlands.co.uk//perthshire/glas-tulaichean.shtml']
Stob Bàn (Grey Corries),Fort William,977,https://www.walkhighlands.co.uk/munros/stob-ban-grey-corries,['https://www.walkhighlands.co.uk//fortwilliam/stob-ban-grey-corries.shtml']
Beinn Fhionnlaidh,Argyll,959,https://www.walkhighlands.co.uk/munros/beinn-fhionnlaidh,['https://www.walkhighlands.co.uk//argyll/beinn-fhionnlaidh.shtml']
An Socach (Mullardoch),Loch Ness,1069,https://www.walkhighlands.co.uk/munros/an-socach-mullardoch,['https://www.walkhighlands.co.uk//lochness/mullardoch-munros.shtml']
Càrn nan Gabhar,Perthshire,1121,https://www.walkhighlands.co.uk/munros/carn-nan-gabhar,['https://www.walkhighlands.co.uk//perthshire/beinn-a-ghlo.shtml']
Geal chàrn (Laggan),Fort William,1049,https://www.walkhighlands.co.uk/munros/geal-charn,['https://www.walkhighlands.co.uk//fortwilliam/beinn-a-chlachair.shtml']
Druim Shionnach,Kintail,987,https://www.walkhighlands.co.uk/munros/druim-shionnach,['https://www.walkhighlands.co.uk//kintail/Glenshielridge.shtml']
Sgùrr a' Ghreadaidh,Isle of Skye,973,https://www.walkhighlands.co.uk/munros/sgurr-a-ghreadaidh,['https://www.walkhighlands.co.uk//skye/sgurraghreadaidh.shtml']
Beinn a' Chlèibh,Argyll,916,https://www.walkhighlands.co.uk/munros/beinn-a-chleibh,['https://www.walkhighlands.co.uk//argyll/ben-lui.shtml']
Càrn a' Ghèoidh,Cairngorms,975,https://www.walkhighlands.co.uk/munros/carn-a-gheoidh,['https://www.walkhighlands.co.uk//cairngorms/cairnwell.shtml']
Tom Buidhe,Cairngorms,957,https://www.walkhighlands.co.uk/munros/tom-buidhe,['https://www.walkhighlands.co.uk//cairngorms/tolmount.shtml']
Càrn an Fhìdhleir (Càrn Ealar),Cairngorms,994,https://www.walkhighlands.co.uk/munros/carn-an-fhidhleir-carn-ealar,['https://www.walkhighlands.co.uk//cairngorms/an-sgarsoch.shtml']
Cruach Àrdrain,Loch Lomond,1046,https://www.walkhighlands.co.uk/munros/cruach-ardrain,['https://www.walkhighlands.co.uk//lochlomond/cruach-ardrain.shtml']
Càrn a' Choire Bhòidheach,Cairngorms,1118,https://www.walkhighlands.co.uk/munros/carn-a-choire-bhoidheach,['https://www.walkhighlands.co.uk//cairngorms/white-mounth.shtml']
Lochnagar,Cairngorms,1156,https://www.walkhighlands.co.uk/munros/lochnagar,"['https://www.walkhighlands.co.uk//cairngorms/lochnagar.shtml', 'https://www.walkhighlands.co.uk//cairngorms/white-mounth.shtml']"
Stob Daimh,Argyll,998,https://www.walkhighlands.co.uk/munros/stob-diamh,['https://www.walkhighlands.co.uk//argyll/ben-cruachan.shtml']
Meall a' Choire Lèith,Perthshire,926,https://www.walkhighlands.co.uk/munros/meall-a-choire-leith,['https://www.walkhighlands.co.uk//perthshire/meall-corranaich.shtml']
Meall Corranaich,Perthshire,1069,https://www.walkhighlands.co.uk/munros/meall-corranaich,['https://www.walkhighlands.co.uk//perthshire/meall-corranaich.shtml']
Conival,Ullapool,987,https://www.walkhighlands.co.uk/munros/conival,['https://www.walkhighlands.co.uk//ullapool/benmoreassynt.shtml']
Meall nan Eun,Fort William,928,https://www.walkhighlands.co.uk/munros/meall-nan-eun,['https://www.walkhighlands.co.uk//fortwilliam/stobcoiranalbannaich.shtml']
Na Gruagaichean,Fort William,1056,https://www.walkhighlands.co.uk/munros/na-gruagaichean,['https://www.walkhighlands.co.uk//fortwilliam/binneinmor.shtml']
Am Basteir,Isle of Skye,934,https://www.walkhighlands.co.uk/munros/am-basteir,['https://www.walkhighlands.co.uk//skye/ambasteir.shtml']
Càrn Liath (Creag Meagaidh),Fort William,1006,https://www.walkhighlands.co.uk/munros/carn-liath-creag-meagaidh,['https://www.walkhighlands.co.uk//fortwilliam/creagmeagaidh.shtml']
Ben Cruachan,Argyll,1126,https://www.walkhighlands.co.uk/munros/ben-cruachan,['https://www.walkhighlands.co.uk//argyll/ben-cruachan.shtml']
Beinn Tulaichean,Loch Lomond,946,https://www.walkhighlands.co.uk/munros/beinn-tulaichean,['https://www.walkhighlands.co.uk//lochlomond/cruach-ardrain.shtml']
Fionn Bheinn,Torridon,933,https://www.walkhighlands.co.uk/munros/fionn-bheinn,['https://www.walkhighlands.co.uk//torridon/Fionnbheinn.shtml']
Creag Mhòr (Meall na Aighean),Perthshire,981,https://www.walkhighlands.co.uk/munros/creag-mhor-meall-na-aighean,['https://www.walkhighlands.co.uk//perthshire/carn-mairg.shtml']
Glas Tulaichean,Perthshire,1051,https://www.walkhighlands.co.uk/munros/glas-tulaichean,['https://www.walkhighlands.co.uk//perthshire/glas-tulaichean.shtml']
Creag Meagaidh,Fort William,1130,https://www.walkhighlands.co.uk/munros/creag-meagaidh,['https://www.walkhighlands.co.uk//fortwilliam/creagmeagaidh.shtml']
Meall Buidhe (Knoydart),Fort William,946,https://www.walkhighlands.co.uk/munros/meall-buidhe-knoydart,['https://www.walkhighlands.co.uk//fortwilliam/luinne-bheinn.shtml']
Garbh Chioch Mhòr,Fort William,1013,https://www.walkhighlands.co.uk/munros/garbh-chioch-mhor,['https://www.walkhighlands.co.uk//fortwilliam/sgurrnaciche.shtml']
Lurg Mhòr,Torridon,986,https://www.walkhighlands.co.uk/munros/lurg-mhor,['https://www.walkhighlands.co.uk//torridon/bideinachoiresheasgaich.shtml']
Creag Pitridh,Fort William,924,https://www.walkhighlands.co.uk/munros/creag-pitridh,['https://www.walkhighlands.co.uk//fortwilliam/beinn-a-chlachair.shtml']
Cairn of Claise,Cairngorms,1064,https://www.walkhighlands.co.uk/munros/cairn-of-claise,['https://www.walkhighlands.co.uk//cairngorms/glas-maol.shtml']
Sgùrr Alasdair,Isle of Skye,992,https://www.walkhighlands.co.uk/munros/sgurr-alasdair,['https://www.walkhighlands.co.uk//skye/sgurralasdair.shtml']
Sròn a' Choire Ghairbh,Fort William,937,https://www.walkhighlands.co.uk/munros/sron-a-choire-ghairbh,['https://www.walkhighlands.co.uk//fortwilliam/lochlochymunros.shtml']
Meall Chuaich,Cairngorms,951,https://www.walkhighlands.co.uk/munros/meall-chuaich,['https://www.walkhighlands.co.uk//cairngorms/meall-chuaich.shtml']
Sgùrr na Banachdich,Isle of Skye,965,https://www.walkhighlands.co.uk/munros/sgurr-na-banachdich,['https://www.walkhighlands.co.uk//skye/sgurrnabanachdich.shtml']
Stob a' Choire Mheadhoin,Fort William,1106,https://www.walkhighlands.co.uk/munros/stob-a-choire-mheadhoin,['https://www.walkhighlands.co.uk//fortwilliam/easains.shtml']
Càrn nan Gobhar (Loch Mullardoch),Loch Ness,992,https://www.walkhighlands.co.uk/munros/carn-nan-gobhar-loch-mullardoch,['https://www.walkhighlands.co.uk//lochness/mullardoch-munros.shtml']
Beinn Sgritheall,Kintail,974,https://www.walkhighlands.co.uk/munros/beinn-sgritheall,['https://www.walkhighlands.co.uk//kintail/Beinnsgritheall.shtml']
Beinn Chabhair,Loch Lomond,933,https://www.walkhighlands.co.uk/munros/beinn-chabhair,['https://www.walkhighlands.co.uk//lochlomond/beinn-chabhair.shtml']
Beinn Teallach,Fort William,915,https://www.walkhighlands.co.uk/munros/beinn-teallach,['https://www.walkhighlands.co.uk//fortwilliam/beinnachaorainn.shtml']
An Stùc,Perthshire,1118,https://www.walkhighlands.co.uk/munros/an-stuc,['https://www.walkhighlands.co.uk//perthshire/meall-garbh.shtml']
Ben More (Mull),Isle of Mull,966,https://www.walkhighlands.co.uk/munros/ben-more-mull,"['https://www.walkhighlands.co.uk//mull/ben-more-mull.shtml', 'https://www.walkhighlands.co.uk//mull/ben-more-a-chioch.shtml']"
Sgùrr Thuilm,Fort William,963,https://www.walkhighlands.co.uk/munros/sgurr-thuilm,['https://www.walkhighlands.co.uk//fortwilliam/sgurrthuilm.shtml']
Mullach Fraoch,Kintail,1102,https://www.walkhighlands.co.uk/munros/mullach-fraoch-choire,['https://www.walkhighlands.co.uk//kintail/Achralaig.shtml']
Cairn Gorm,Cairngorms,1245,https://www.walkhighlands.co.uk/munros/cairn-gorm,"['https://www.walkhighlands.co.uk//cairngorms/cairngorm.shtml', 'https://www.walkhighlands.co.uk//cairngorms/macdui-cairngorm.shtml']"
Stob Dubh (Buachaille Etive Beag),Fort William,956,https://www.walkhighlands.co.uk/munros/stob-dubh-buachaille-etive-beag,['https://www.walkhighlands.co.uk//fortwilliam/buachailleetivebeag.shtml']
Càrn a' Mhàim,Cairngorms,1037,https://www.walkhighlands.co.uk/munros/carn-a-mhaim,"['https://www.walkhighlands.co.uk//cairngorms/lairig-ghru.shtml', 'https://www.walkhighlands.co.uk//cairngorms/carn-a-mhaim.shtml']"
Sgùrr Bàn,Ullapool,989,https://www.walkhighlands.co.uk/munros/sgurr-ban,['https://www.walkhighlands.co.uk//ullapool/fisherfield-6.shtml']
